id;title;content;creation_date
1;Saint Helena Pound mesh;EXE Tasty Rubber Chips;2021-03-30
2;world-class Steel;Granite 1080p;2021-03-30
3;24/7 transform;Greece overriding;2021-03-30
4;mission-critical payment;Multi-layered revolutionize;2021-03-30
5;repurpose Optimized Fully-configurable;Designer bypassing;2021-03-30
6;Licensed solution-oriented;explicit;2021-03-30
7;Up-sized enterprise;PCI Communications;2021-03-30
8;Chair;connect Developer plum;2021-03-30
9;help-desk Sleek;Netherlands;2021-03-30
10;Digitized;Montserrat navigate Soft;2021-03-30
